Day,Kamala 2024: (Michigan)
2024-07-04,0
2024-07-05,0
2024-07-06,0
2024-07-07,0
2024-07-08,0
2024-07-09,0
2024-07-10,0
2024-07-11,0
2024-07-12,0
2024-07-13,0
2024-07-14,0
2024-07-15,0
2024-07-16,0
2024-07-17,0
2024-07-18,0
2024-07-19,0
2024-07-20,0
2024-07-21,84
2024-07-22,100
2024-07-23,52
2024-07-24,41
2024-07-25,48
2024-07-26,58
2024-07-27,53
2024-07-28,0
2024-07-29,22
2024-07-30,27
2024-07-31,33
2024-08-01,34
2024-08-02,33
2024-08-03,24
2024-08-04,23
2024-08-05,21
2024-08-06,36
2024-08-07,32
2024-08-08,32
2024-08-09,24
2024-08-10,25
2024-08-11,36
2024-08-12,20
2024-08-13,20
2024-08-14,24
2024-08-15,21
2024-08-16,31
2024-08-17,0
2024-08-18,0
2024-08-19,0
2024-08-20,0
2024-08-21,21
2024-08-22,22
2024-08-23,68
2024-08-24,0
2024-08-25,23
2024-08-26,0
2024-08-27,0
2024-08-28,31
2024-08-29,0
2024-08-30,26
2024-08-31,0
2024-09-01,0
2024-09-02,0
2024-09-03,0
2024-09-04,34
2024-09-05,0
2024-09-06,0
2024-09-07,0
2024-09-08,0
2024-09-09,18
2024-09-10,0
2024-09-11,90
2024-09-12,39
2024-09-13,26
2024-09-14,0
2024-09-15,0
2024-09-16,0
2024-09-17,0
2024-09-18,25
2024-09-19,0
2024-09-20,17
2024-09-21,13
2024-09-22,14
2024-09-23,13
2024-09-24,14
2024-09-25,15
2024-09-26,11
2024-09-27,12
2024-09-28,13
2024-09-29,13
2024-09-30,12
2024-10-01,10
2024-10-02,14
2024-10-03,13
2024-10-04,0